<?xml version="1.0" encoding="UTF-8" standalone="yes"?>
<Content>
    <Views>
        <ViewDef id="09233aa4-895d-490b-8753-996286ba4701">
            <Title>Horizon User History</Title>
            <Description/>
            <SubjectType adapterKind="V4V" resourceKind="User" type="descendant"/>
            <SubjectType adapterKind="V4V" resourceKind="User" type="self"/>
            <Usage>dashboard</Usage>
            <Usage>report</Usage>
            <Usage>details</Usage>
            <Usage>content</Usage>
            <Controls>
                <Control id="time-interval-selector_id_628" type="time-interval-selector" visible="false">
                    <Property name="advancedTimeMode" value="false"/>
                    <Property name="unit" value="DAYS"/>
                    <Property name="count" value="30"/>
                </Control>
                <Control id="attributes-selector_id_629" type="attributes-selector" visible="false">
                    <Property name="attributeInfos">
                        <List>
                            <Item>
<Value>
    <Property name="objectType" value="RESOURCE"/>
    <Property name="attributeKey" value="Interval Breakdown"/>
    <Property name="id" value="extModel15560-1"/>
    <Property name="rollUpCount" value="0"/>
    <Property name="isTimeSegment" value="true"/>
    <Property name="breakdownBy" value="HOURS"/>
    <Property name="startingOnUnit" value="MINUTES"/>
    <Property name="startingOnCount" value="0"/>
</Value>
                            </Item>
                            <Item>
<Value>
    <Property name="objectType" value="RESOURCE"/>
    <Property name="attributeKey" value="session|app_session_duration_last_interval"/>
    <Property name="id" value="extModel9510-2"/>
    <Property name="preferredUnitId" value="1005"/>
    <Property name="isStringAttribute" value="false"/>
    <Property name="adapterKind" value="V4V"/>
    <Property name="resourceKind" value="User"/>
    <Property name="rollUpType" value="NONE"/>
    <Property name="rollUpCount" value="0"/>
    <Property name="transformations">
        <List>
            <Item value="LAST"/>
        </List>
    </Property>
    <Property name="isProperty" value="false"/>
</Value>
                            </Item>
                            <Item>
<Value>
    <Property name="objectType" value="RESOURCE"/>
    <Property name="attributeKey" value="session|desktop_launched_application"/>
    <Property name="id" value="extModel9510-3"/>
    <Property name="isStringAttribute" value="true"/>
    <Property name="adapterKind" value="V4V"/>
    <Property name="resourceKind" value="User"/>
    <Property name="rollUpCount" value="0"/>
    <Property name="transformations">
        <List>
            <Item value="LAST"/>
        </List>
    </Property>
    <Property name="isProperty" value="false"/>
</Value>
                            </Item>
                            <Item>
<Value>
    <Property name="objectType" value="RESOURCE"/>
    <Property name="attributeKey" value="session|launched_application"/>
    <Property name="id" value="extModel9510-4"/>
    <Property name="isStringAttribute" value="true"/>
    <Property name="adapterKind" value="V4V"/>
    <Property name="resourceKind" value="User"/>
    <Property name="rollUpCount" value="0"/>
    <Property name="transformations">
        <List>
            <Item value="LAST"/>
        </List>
    </Property>
    <Property name="isProperty" value="false"/>
</Value>
                            </Item>
                            <Item>
<Value>
    <Property name="objectType" value="RESOURCE"/>
    <Property name="attributeKey" value="session|rds_session_duration_last_interval"/>
    <Property name="id" value="extModel9510-5"/>
    <Property name="preferredUnitId" value="1005"/>
    <Property name="isStringAttribute" value="false"/>
    <Property name="adapterKind" value="V4V"/>
    <Property name="resourceKind" value="User"/>
    <Property name="rollUpType" value="NONE"/>
    <Property name="rollUpCount" value="0"/>
    <Property name="transformations">
        <List>
            <Item value="LAST"/>
        </List>
    </Property>
    <Property name="isProperty" value="false"/>
</Value>
                            </Item>
                            <Item>
<Value>
    <Property name="objectType" value="RESOURCE"/>
    <Property name="attributeKey" value="session|logon_time"/>
    <Property name="id" value="extModel9510-6"/>
    <Property name="preferredUnitId" value="1001"/>
    <Property name="isStringAttribute" value="false"/>
    <Property name="adapterKind" value="V4V"/>
    <Property name="resourceKind" value="User"/>
    <Property name="rollUpType" value="NONE"/>
    <Property name="rollUpCount" value="0"/>
    <Property name="transformations">
        <List>
            <Item value="LAST"/>
        </List>
    </Property>
    <Property name="isProperty" value="false"/>
</Value>
                            </Item>
                            <Item>
<Value>
    <Property name="objectType" value="RESOURCE"/>
    <Property name="attributeKey" value="session|userdesktop_duration_last_interval"/>
    <Property name="id" value="extModel9510-7"/>
    <Property name="preferredUnitId" value="1005"/>
    <Property name="isStringAttribute" value="false"/>
    <Property name="adapterKind" value="V4V"/>
    <Property name="resourceKind" value="User"/>
    <Property name="rollUpType" value="NONE"/>
    <Property name="rollUpCount" value="0"/>
    <Property name="transformations">
        <List>
            <Item value="LAST"/>
        </List>
    </Property>
    <Property name="isProperty" value="false"/>
</Value>
                            </Item>
                            <Item>
<Value>
    <Property name="objectType" value="RESOURCE"/>
    <Property name="attributeKey" value="Super Metric|sm_b261d049-588b-44bf-bb5c-f4a3a64eed4d"/>
    <Property name="isStringAttribute" value="false"/>
    <Property name="adapterKind" value="V4V"/>
    <Property name="resourceKind" value="User"/>
    <Property name="rollUpType" value="NONE"/>
    <Property name="rollUpCount" value="0"/>
    <Property name="transformations">
        <List>
            <Item value="LAST"/>
        </List>
    </Property>
    <Property name="isProperty" value="false"/>
</Value>
                            </Item>
                            <Item>
<Value>
    <Property name="objectType" value="RESOURCE"/>
    <Property name="attributeKey" value="Super Metric|sm_ba27eca2-e098-4816-9b6f-b7fc71570a42"/>
    <Property name="isStringAttribute" value="false"/>
    <Property name="adapterKind" value="V4V"/>
    <Property name="resourceKind" value="User"/>
    <Property name="rollUpType" value="NONE"/>
    <Property name="rollUpCount" value="0"/>
    <Property name="transformations">
        <List>
            <Item value="LAST"/>
        </List>
    </Property>
    <Property name="isProperty" value="false"/>
</Value>
                            </Item>
                        </List>
                    </Property>
                    <Property name="summaryInfos">
                        <List>
                            <Item>
<Value>
    <Property name="displayName" value="Summary"/>
    <Property name="aggregation" value="AVG"/>
    <Property name="attributeIndexes">
        <List>
            <Item value="1"/>
            <Item value="2"/>
            <Item value="3"/>
            <Item value="4"/>
            <Item value="5"/>
            <Item value="6"/>
            <Item value="7"/>
            <Item value="8"/>
        </List>
    </Property>
</Value>
                            </Item>
                        </List>
                    </Property>
                </Control>
                <Control id="pagination-control_id_630" type="pagination-control" visible="true">
                    <Property name="start" value="0"/>
                    <Property name="size" value="50"/>
                </Control>
            </Controls>
            <DataProviders>
                <DataProvider dataType="list-view" id="list-view_id_627"/>
            </DataProviders>
            <Presentation type="list"/>
        </ViewDef>
    </Views>
</Content>
