{"9504919f-93fc-4c95-8821-7d49170532d2":{"resourceKinds":[{"resourceKindKey":"Function","adapterKindKey":"Container"},{"resourceKindKey":"vgpu","adapterKindKey":"NVIDIA_VGPU"}],"modificationTime":1560763953047,"name":"Total Number vGPU","formula":"count(${adaptertype=NVIDIA_VGPU, objecttype=vgpu, attribute=summary|name, depth=1})","description":""},"b35b14cb-992a-4f55-be8d-c15d678b1188":{"resourceKinds":[{"resourceKindKey":"Location","adapterKindKey":"Container"}],"modificationTime":1561985089304,"name":"RDSH Avg Packet Loss","formula":"avg(${adaptertype=V4V, objecttype=AppSession, attribute=blast|session_packet_loss_uplink, depth=1})","description":""},"563432b0-414e-43d0-816b-2d7a63b7d031":{"resourceKinds":[{"resourceKindKey":"Location","adapterKindKey":"Container"}],"modificationTime":1562447207623,"name":"VDI Avg Transmit","formula":"(avg(${adaptertype=V4V, objecttype=AppSession, attribute=blast|session_transmitted_bytes, depth=1}))/100000","description":""},"c1c53905-8738-4101-8ee7-4d0f6e1eda00":{"resourceKinds":[{"resourceKindKey":"Location","adapterKindKey":"Container"}],"modificationTime":1561985037477,"name":"RDSH Avg Latency","formula":"avg(${adaptertype=V4V, objecttype=AppSession, attribute=blast|round_trip_latency, depth=1})","description":""},"e7916b59-2b9d-4c89-a170-c4df1de46308":{"resourceKinds":[{"resourceKindKey":"Location","adapterKindKey":"Container"}],"modificationTime":1561984256632,"name":"VDI Avg Jitter Uplink","formula":"avg(${adaptertype=V4V, objecttype=UserDesktop, attribute=blast|session_jitter_uplink, depth=1})","description":""},"60b83ff1-01f3-44a3-a406-f5b1504f1091":{"resourceKinds":[{"resourceKindKey":"Location","adapterKindKey":"Container"}],"modificationTime":1561985140675,"name":"RDSH Avg Jitter Uplink","formula":"avg(${adaptertype=V4V, objecttype=AppSession, attribute=blast|session_jitter_uplink, depth=1})","description":""},"2368a035-7b23-4574-8fdc-8a08f9365664":{"resourceKinds":[{"resourceKindKey":"Function","adapterKindKey":"Container"},{"resourceKindKey":"gpu","adapterKindKey":"NVIDIA_VGPU"}],"modificationTime":1560763934616,"name":"Total Number GPU","formula":"count(${adaptertype=NVIDIA_VGPU, objecttype=gpu, attribute=summary|name, depth=1})","description":""},"c02ea890-67ed-4a83-a081-03851b394c73":{"resourceKinds":[{"resourceKindKey":"Location","adapterKindKey":"Container"}],"modificationTime":1562447234553,"name":"RDSH Avg Transmit","formula":"(avg(${adaptertype=V4V, objecttype=AppSession, attribute=blast|session_transmitted_bytes, depth=1}))/100000","description":""},"fbc5cb82-82d4-495a-a6de-85392c95a3f4":{"resourceKinds":[{"resourceKindKey":"Location","adapterKindKey":"Container"}],"modificationTime":1561984190705,"name":"VDI Avg Frame Rate","formula":"avg(${adaptertype=V4V, objecttype=UserDesktop, attribute=blast|encoded_frame_rate, depth=1})","description":""},"172c9b9b-7193-486b-89d3-8c96456967f9":{"resourceKinds":[{"resourceKindKey":"Location","adapterKindKey":"Container"}],"modificationTime":1561984226544,"name":"VDI Avg Packet Loss","formula":"avg(${adaptertype=V4V, objecttype=UserDesktop, attribute=blast|session_packet_loss_uplink, depth=1})","description":""},"ed671d95-da5a-4d9c-97a6-690a166feadd":{"resourceKinds":[{"resourceKindKey":"Location","adapterKindKey":"Container"}],"modificationTime":1561985194084,"name":"RDSH Avg Frame Rate","formula":"avg(${adaptertype=V4V, objecttype=AppSession, attribute=blast|encoded_frame_rate, depth=1})","description":""},"da6846b2-5c78-4127-8630-ba8d5b6dd42e":{"resourceKinds":[{"resourceKindKey":"Location","adapterKindKey":"Container"}],"modificationTime":1561984241306,"name":"VDI Avg Latency","formula":"Avg(${adaptertype=V4V, objecttype=UserDesktop, attribute=blast|round_trip_latency, depth=1})+avg(${adaptertype=V4V, objecttype=AppSession, attribute=blast|round_trip_latency, depth=1})","description":""}}