{
   "dashboards": [{
      "autoswitchEnabled": false,
      "columnCount": 1,
      "columnProportion": "1",
      "creationTime": 1489755379945,
      "dashboardNavigations": {
         "2f17e879-2eae-4243-ad05-416a239499e2": [
            {
               "id": "cffd6ccb-a0d0-4253-9ed8-9926ea3ce5d5",
               "selected": false,
               "widgets": []
            },
            {
               "id": "580fc5c1-a0f7-427c-a91b-c32b6a4ba328",
               "selected": false,
               "widgets": []
            },
            {
               "id": "57f690c6-004b-4992-809d-bec2a2923afb",
               "selected": true,
               "widgets": ["02a6ac15-58aa-4aaf-bc9d-557daaa3d5ef"]
            },
            {
               "id": "6a56ac8e-7d2d-481e-9407-5af3c4248bde",
               "selected": false,
               "widgets": []
            },
            {
               "id": "5a2fc608-e649-4ef7-b310-1e7f9fec4a5d",
               "selected": false,
               "widgets": []
            },
            {
               "id": "9b96167e-0f13-4974-bfe6-1774e57319d4",
               "selected": false,
               "widgets": []
            },
            {
               "id": "19324971-30b0-443d-b50a-df11a37b65ee",
               "selected": false,
               "widgets": []
            },
            {
               "id": "2c42fa31-5e81-4ca5-a7df-91cb95a89554",
               "selected": false,
               "widgets": []
            },
            {
               "id": "f07bb6b1-807f-4b0a-b9ef-cd50634e0931",
               "selected": false,
               "widgets": []
            },
            {
               "id": "8755ab27-06ad-450b-847f-dd773ebf9aeb",
               "selected": false,
               "widgets": []
            },
            {
               "id": "a63ff30f-cd11-46db-9e9a-8cd487cf9659",
               "selected": false,
               "widgets": []
            },
            {
               "id": "e95c920d-0ec1-46fc-a19c-79f676b3f99f",
               "selected": false,
               "widgets": []
            },
            {
               "id": "fa23c15d-772a-4847-8165-079452e8202e",
               "selected": false,
               "widgets": []
            },
            {
               "id": "0b64410d-25ad-4b60-a4cd-f0d00ab069da",
               "selected": false,
               "widgets": []
            },
            {
               "id": "53932aeb-10b9-41a1-98a7-e24430b6411a",
               "selected": false,
               "widgets": []
            },
            {
               "id": "dfbf4ae9-3b19-47c9-959a-d084d9ea160a",
               "selected": false,
               "widgets": []
            },
            {
               "id": "3a85b686-4f31-4e44-a4d4-eadf5625aef2",
               "selected": false,
               "widgets": []
            },
            {
               "id": "f2c56252-e597-49b9-8db4-3ef50e0dc3a4",
               "selected": false,
               "widgets": []
            },
            {
               "id": "3feddd16-e43f-43a1-bf9a-6aa95c0ffe6a",
               "selected": false,
               "widgets": []
            },
            {
               "id": "9a425b49-e663-46c9-a66c-4a7c60d84a06",
               "selected": false,
               "widgets": []
            },
            {
               "id": "909809a6-0806-41ba-a2c2-21bd406e90be",
               "selected": false,
               "widgets": []
            },
            {
               "id": "456f75dd-c05f-4a11-bf82-b11b4a73a6b4",
               "selected": false,
               "widgets": []
            },
            {
               "id": "a8f84e38-f831-4116-9207-329a29b15efc",
               "selected": false,
               "widgets": []
            },
            {
               "id": "5f01c77e-22e3-4d08-abf3-5629c5becfba",
               "selected": false,
               "widgets": []
            },
            {
               "id": "a4528363-0542-466d-8f3c-880bbc64c49b",
               "selected": false,
               "widgets": []
            },
            {
               "id": "5adbff99-4d5e-4e53-bb37-ca9fa284440d",
               "selected": false,
               "widgets": []
            },
            {
               "id": "9e738d8c-6483-4cb2-ad69-9bec94ebc9b0",
               "selected": false,
               "widgets": []
            },
            {
               "id": "aa7b4ca2-f56b-41e9-961b-a30c94afc84c",
               "selected": false,
               "widgets": []
            },
            {
               "id": "b8af691c-ac56-4fc1-beb1-3165840771a4",
               "selected": false,
               "widgets": []
            },
            {
               "id": "a23edd61-4ba6-4bfa-8a4a-43f4726415e2",
               "selected": false,
               "widgets": []
            },
            {
               "id": "a8d9ffed-d62f-4caa-85c3-c56c35c8943d",
               "selected": false,
               "widgets": []
            },
            {
               "id": "2f475e1b-94eb-43e4-9b33-36d7c445a48a",
               "selected": false,
               "widgets": []
            },
            {
               "id": "779fe293-9a62-46f6-8cc8-6fb4ad73fdfe",
               "selected": false,
               "widgets": []
            },
            {
               "id": "67ae00e5-b400-40de-830c-15f0072470ce",
               "selected": false,
               "widgets": []
            },
            {
               "id": "ab01da5a-ce6f-416d-a333-72d686785b9a",
               "selected": false,
               "widgets": []
            },
            {
               "id": "d01d7ba0-d0ef-49c9-8ee7-b78b93cbf592",
               "selected": false,
               "widgets": []
            },
            {
               "id": "519ed915-4ba7-4afe-b559-e46add31b9e8",
               "selected": false,
               "widgets": []
            },
            {
               "id": "eeab8718-6aca-4cb9-b7b9-c4a51419a1f9",
               "selected": false,
               "widgets": []
            },
            {
               "id": "4af2750c-9f4d-4c30-9af3-14c5158eadd6",
               "selected": false,
               "widgets": []
            },
            {
               "id": "28df0923-dab2-4c44-87ef-57b7662dcf09",
               "selected": false,
               "widgets": []
            },
            {
               "id": "30a2564a-9eaf-4833-9d41-4fd45c57aefb",
               "selected": false,
               "widgets": []
            },
            {
               "id": "259e0301-836d-404b-8fdc-1cc52070b174",
               "selected": false,
               "widgets": []
            },
            {
               "id": "e1ebd69e-f0bc-413f-98a5-7f5118537818",
               "selected": false,
               "widgets": []
            },
            {
               "id": "b4862971-0aed-456f-8c41-aa5c0ca11604",
               "selected": false,
               "widgets": []
            },
            {
               "id": "a165a8b4-8205-4fc2-84b1-7d34d431f6b8",
               "selected": false,
               "widgets": []
            },
            {
               "id": "103d80ba-7588-46e3-83d9-2e02f65a9c85",
               "selected": false,
               "widgets": []
            },
            {
               "id": "4b5c602a-6105-48d4-9318-d37c27ba1209",
               "selected": false,
               "widgets": []
            },
            {
               "id": "f5642d41-aa71-4ffa-bbdd-6e435967b0fb",
               "selected": false,
               "widgets": []
            },
            {
               "id": "b1f73006-9ed4-42ea-a2f0-e4a6fc567d29",
               "selected": false,
               "widgets": ["4f04ca50-2c6e-4897-9e37-eaab18bc0fb7"]
            },
            {
               "id": "bee80774-db96-41f3-8c77-cbf1771cabd3",
               "selected": false,
               "widgets": []
            },
            {
               "id": "503f1990-be41-4510-a72a-25b5bf047702",
               "selected": false,
               "widgets": []
            },
            {
               "id": "103d30a3-2afa-4016-91d9-b77bb6d87d2a",
               "selected": false,
               "widgets": []
            },
            {
               "id": "f1df804b-aaca-4b83-ab4a-d5863a5d7ced",
               "selected": false,
               "widgets": []
            },
            {
               "id": "d56bea04-dab1-4ed8-90a8-d09518887d53",
               "selected": false,
               "widgets": []
            },
            {
               "id": "ad52daa1-6f4d-4f8a-8f36-e0fcdc1b3f27",
               "selected": false,
               "widgets": []
            },
            {
               "id": "b14c401b-93a7-4fb9-8129-1ea1a60e4bba",
               "selected": false,
               "widgets": []
            },
            {
               "id": "2e996127-1179-4021-ac6c-e9f208c05d05",
               "selected": false,
               "widgets": []
            },
            {
               "id": "9e1244a0-36e7-49e6-84c6-af78627d43dc",
               "selected": false,
               "widgets": []
            },
            {
               "id": "fa82bba1-e9f6-4a98-83e9-178207291a81",
               "selected": false,
               "widgets": []
            },
            {
               "id": "5e362e11-66c7-44fb-8ad4-fb0f0ab3a246",
               "selected": false,
               "widgets": []
            },
            {
               "id": "addc791a-2de5-4f14-a85d-65b9c8e98fb0",
               "selected": false,
               "widgets": []
            },
            {
               "id": "91ad4ee4-0994-4da1-81c5-b6f0e909477f",
               "selected": false,
               "widgets": []
            },
            {
               "id": "49a8df53-5599-4091-855d-e11e76d1647d",
               "selected": false,
               "widgets": []
            },
            {
               "id": "ec33b22e-a366-4d97-bd5b-2eade7966b9a",
               "selected": false,
               "widgets": []
            }
         ],
         "e7a234ad-e262-498d-a8e8-b3745179ea92": [
            {
               "id": "cffd6ccb-a0d0-4253-9ed8-9926ea3ce5d5",
               "selected": false,
               "widgets": []
            },
            {
               "id": "580fc5c1-a0f7-427c-a91b-c32b6a4ba328",
               "selected": false,
               "widgets": []
            },
            {
               "id": "57f690c6-004b-4992-809d-bec2a2923afb",
               "selected": true,
               "widgets": ["02a6ac15-58aa-4aaf-bc9d-557daaa3d5ef"]
            },
            {
               "id": "6a56ac8e-7d2d-481e-9407-5af3c4248bde",
               "selected": false,
               "widgets": []
            },
            {
               "id": "5a2fc608-e649-4ef7-b310-1e7f9fec4a5d",
               "selected": false,
               "widgets": []
            },
            {
               "id": "9b96167e-0f13-4974-bfe6-1774e57319d4",
               "selected": false,
               "widgets": []
            },
            {
               "id": "19324971-30b0-443d-b50a-df11a37b65ee",
               "selected": false,
               "widgets": []
            },
            {
               "id": "2c42fa31-5e81-4ca5-a7df-91cb95a89554",
               "selected": false,
               "widgets": []
            },
            {
               "id": "f07bb6b1-807f-4b0a-b9ef-cd50634e0931",
               "selected": false,
               "widgets": []
            },
            {
               "id": "8755ab27-06ad-450b-847f-dd773ebf9aeb",
               "selected": false,
               "widgets": []
            },
            {
               "id": "a63ff30f-cd11-46db-9e9a-8cd487cf9659",
               "selected": false,
               "widgets": []
            },
            {
               "id": "e95c920d-0ec1-46fc-a19c-79f676b3f99f",
               "selected": false,
               "widgets": []
            },
            {
               "id": "fa23c15d-772a-4847-8165-079452e8202e",
               "selected": false,
               "widgets": []
            },
            {
               "id": "0b64410d-25ad-4b60-a4cd-f0d00ab069da",
               "selected": false,
               "widgets": []
            },
            {
               "id": "53932aeb-10b9-41a1-98a7-e24430b6411a",
               "selected": false,
               "widgets": []
            },
            {
               "id": "dfbf4ae9-3b19-47c9-959a-d084d9ea160a",
               "selected": false,
               "widgets": []
            },
            {
               "id": "3a85b686-4f31-4e44-a4d4-eadf5625aef2",
               "selected": false,
               "widgets": []
            },
            {
               "id": "f2c56252-e597-49b9-8db4-3ef50e0dc3a4",
               "selected": false,
               "widgets": []
            },
            {
               "id": "3feddd16-e43f-43a1-bf9a-6aa95c0ffe6a",
               "selected": false,
               "widgets": []
            },
            {
               "id": "9a425b49-e663-46c9-a66c-4a7c60d84a06",
               "selected": false,
               "widgets": []
            },
            {
               "id": "909809a6-0806-41ba-a2c2-21bd406e90be",
               "selected": false,
               "widgets": []
            },
            {
               "id": "456f75dd-c05f-4a11-bf82-b11b4a73a6b4",
               "selected": false,
               "widgets": []
            },
            {
               "id": "a8f84e38-f831-4116-9207-329a29b15efc",
               "selected": false,
               "widgets": []
            },
            {
               "id": "5f01c77e-22e3-4d08-abf3-5629c5becfba",
               "selected": false,
               "widgets": []
            },
            {
               "id": "a4528363-0542-466d-8f3c-880bbc64c49b",
               "selected": false,
               "widgets": []
            },
            {
               "id": "5adbff99-4d5e-4e53-bb37-ca9fa284440d",
               "selected": false,
               "widgets": []
            },
            {
               "id": "9e738d8c-6483-4cb2-ad69-9bec94ebc9b0",
               "selected": false,
               "widgets": []
            },
            {
               "id": "aa7b4ca2-f56b-41e9-961b-a30c94afc84c",
               "selected": false,
               "widgets": []
            },
            {
               "id": "b8af691c-ac56-4fc1-beb1-3165840771a4",
               "selected": false,
               "widgets": []
            },
            {
               "id": "a23edd61-4ba6-4bfa-8a4a-43f4726415e2",
               "selected": false,
               "widgets": []
            },
            {
               "id": "a8d9ffed-d62f-4caa-85c3-c56c35c8943d",
               "selected": false,
               "widgets": []
            },
            {
               "id": "2f475e1b-94eb-43e4-9b33-36d7c445a48a",
               "selected": false,
               "widgets": []
            },
            {
               "id": "779fe293-9a62-46f6-8cc8-6fb4ad73fdfe",
               "selected": false,
               "widgets": []
            },
            {
               "id": "67ae00e5-b400-40de-830c-15f0072470ce",
               "selected": false,
               "widgets": []
            },
            {
               "id": "ab01da5a-ce6f-416d-a333-72d686785b9a",
               "selected": false,
               "widgets": []
            },
            {
               "id": "d01d7ba0-d0ef-49c9-8ee7-b78b93cbf592",
               "selected": false,
               "widgets": []
            },
            {
               "id": "519ed915-4ba7-4afe-b559-e46add31b9e8",
               "selected": false,
               "widgets": []
            },
            {
               "id": "eeab8718-6aca-4cb9-b7b9-c4a51419a1f9",
               "selected": false,
               "widgets": []
            },
            {
               "id": "4af2750c-9f4d-4c30-9af3-14c5158eadd6",
               "selected": false,
               "widgets": []
            },
            {
               "id": "28df0923-dab2-4c44-87ef-57b7662dcf09",
               "selected": false,
               "widgets": []
            },
            {
               "id": "30a2564a-9eaf-4833-9d41-4fd45c57aefb",
               "selected": false,
               "widgets": []
            },
            {
               "id": "259e0301-836d-404b-8fdc-1cc52070b174",
               "selected": false,
               "widgets": []
            },
            {
               "id": "e1ebd69e-f0bc-413f-98a5-7f5118537818",
               "selected": false,
               "widgets": []
            },
            {
               "id": "b4862971-0aed-456f-8c41-aa5c0ca11604",
               "selected": false,
               "widgets": []
            },
            {
               "id": "a165a8b4-8205-4fc2-84b1-7d34d431f6b8",
               "selected": false,
               "widgets": []
            },
            {
               "id": "103d80ba-7588-46e3-83d9-2e02f65a9c85",
               "selected": false,
               "widgets": []
            },
            {
               "id": "4b5c602a-6105-48d4-9318-d37c27ba1209",
               "selected": false,
               "widgets": []
            },
            {
               "id": "f5642d41-aa71-4ffa-bbdd-6e435967b0fb",
               "selected": false,
               "widgets": []
            },
            {
               "id": "b1f73006-9ed4-42ea-a2f0-e4a6fc567d29",
               "selected": false,
               "widgets": ["4f04ca50-2c6e-4897-9e37-eaab18bc0fb7"]
            },
            {
               "id": "bee80774-db96-41f3-8c77-cbf1771cabd3",
               "selected": false,
               "widgets": []
            },
            {
               "id": "503f1990-be41-4510-a72a-25b5bf047702",
               "selected": false,
               "widgets": []
            },
            {
               "id": "103d30a3-2afa-4016-91d9-b77bb6d87d2a",
               "selected": false,
               "widgets": []
            },
            {
               "id": "f1df804b-aaca-4b83-ab4a-d5863a5d7ced",
               "selected": false,
               "widgets": []
            },
            {
               "id": "d56bea04-dab1-4ed8-90a8-d09518887d53",
               "selected": false,
               "widgets": []
            },
            {
               "id": "ad52daa1-6f4d-4f8a-8f36-e0fcdc1b3f27",
               "selected": false,
               "widgets": []
            },
            {
               "id": "b14c401b-93a7-4fb9-8129-1ea1a60e4bba",
               "selected": false,
               "widgets": []
            },
            {
               "id": "2e996127-1179-4021-ac6c-e9f208c05d05",
               "selected": false,
               "widgets": []
            },
            {
               "id": "9e1244a0-36e7-49e6-84c6-af78627d43dc",
               "selected": false,
               "widgets": []
            },
            {
               "id": "fa82bba1-e9f6-4a98-83e9-178207291a81",
               "selected": false,
               "widgets": []
            },
            {
               "id": "5e362e11-66c7-44fb-8ad4-fb0f0ab3a246",
               "selected": false,
               "widgets": []
            },
            {
               "id": "addc791a-2de5-4f14-a85d-65b9c8e98fb0",
               "selected": false,
               "widgets": []
            },
            {
               "id": "91ad4ee4-0994-4da1-81c5-b6f0e909477f",
               "selected": false,
               "widgets": []
            },
            {
               "id": "49a8df53-5599-4091-855d-e11e76d1647d",
               "selected": false,
               "widgets": []
            },
            {
               "id": "ec33b22e-a366-4d97-bd5b-2eade7966b9a",
               "selected": false,
               "widgets": []
            }
         ]
      },
      "description": "",
      "disabled": false,
      "hidden": false,
      "homeTab": false,
      "id": "df7fba7b-7eb3-4491-8c3d-f616025d50af",
      "importAttempts": 0,
      "importComplete": true,
      "isDefault": false,
      "locked": false,
      "name": "Horizon User History",
      "namePath": "Horizon",
      "rank": 16,
      "shared": false,
      "temporary": false,
      "userId": "d6ee90f1-63ae-4b92-a638-f0007660e9bb",
      "widgetInteractions": [
         {
            "type": "resourceId",
            "widgetIdProvider": "2f17e879-2eae-4243-ad05-416a239499e2",
            "widgetIdReceiver": "6925a793-2c6d-4bfa-8fa1-309178da225c"
         },
         {
            "type": "resourceId",
            "widgetIdProvider": "2f17e879-2eae-4243-ad05-416a239499e2",
            "widgetIdReceiver": "dd3a2291-bbe9-4385-84d2-9b61cd3e3fd3"
         },
         {
            "type": "resourceId",
            "widgetIdProvider": "2f17e879-2eae-4243-ad05-416a239499e2",
            "widgetIdReceiver": "b4cd8d3b-104f-4601-be91-445e5780b63c"
         },
         {
            "type": "resourceId",
            "widgetIdProvider": "2f17e879-2eae-4243-ad05-416a239499e2",
            "widgetIdReceiver": "e7a234ad-e262-498d-a8e8-b3745179ea92"
         }
      ],
      "widgets": [
         {
            "collapsed": false,
            "config": {
               "additionalColumns": [],
               "mode": {"mode": 0},
               "refreshContent": {"refreshContent": false},
               "refreshInterval": 300,
               "selectFirstRow": {"selectFirstRow": false},
               "tagFilter": {
                  "path": ["/source/kind/kind:resourceKind:id:0_::_"],
                  "value": {
                     "adapterInstance": [],
                     "adapterKind": [],
                     "bus": [],
                     "collector": [],
                     "day": [],
                     "exclaim": false,
                     "healthRange": [],
                     "kind": ["resourceKind:id:0_::_"],
                     "maintenanceSchedule": [],
                     "state": [],
                     "status": [],
                     "tag": [],
                     "tier": []
                  }
               },
               "title": "Users"
            },
            "gridsterCoords": {
               "h": 5,
               "w": 3,
               "x": 1,
               "y": 1
            },
            "height": 267,
            "id": "2f17e879-2eae-4243-ad05-416a239499e2",
            "states": [
               {
                  "key": "permResGrid_widget_df7fba7b-7eb3-4491-8c3d-f616025d50af_2f17e879-2eae-4243-ad05-416a239499e2",
                  "value": "o%3Acolumns%3Da%253Ao%25253Aid%25253Ds%2525253Ah1%25255Ehidden%25253Db%2525253A1%25255Ewidth%25253Dn%2525253A100%255Eo%25253Aid%25253Ds%2525253Ah2%25255Ewidth%25253Dn%2525253A225%255Eo%25253Aid%25253Ds%2525253Ah3%25255Ehidden%25253Db%2525253A1%25255Ewidth%25253Dn%2525253A100%255Eo%25253Aid%25253Ds%2525253Ah4%25255Ewidth%25253Dn%2525253A217%255Eo%25253Aid%25253Ds%2525253Ah5%25255Ewidth%25253Dn%2525253A100%255Eo%25253Aid%25253Ds%2525253Ah6%25255Ewidth%25253Dn%2525253A167%255Eo%25253Aid%25253Ds%2525253Ah7%25255Ehidden%25253Db%2525253A1%25255Ewidth%25253Dn%2525253A100%255Eo%25253Aid%25253Ds%2525253Ah8%25255Ehidden%25253Db%2525253A1%25255Ewidth%25253Dn%2525253A100%255Eo%25253Aid%25253Ds%2525253Ah9%25255Ehidden%25253Db%2525253A1%25255Ewidth%25253Dn%2525253A100%255Eo%25253Aid%25253Ds%2525253Ah10%25255Ehidden%25253Db%2525253A1%25255Ewidth%25253Dn%2525253A100%255Eo%25253Aid%25253Ds%2525253Ah11%25255Ehidden%25253Db%2525253A1%25255Ewidth%25253Dn%2525253A100%255Eo%25253Aid%25253Ds%2525253Ah12%25255Ehidden%25253Db%2525253A1%25255Ewidth%25253Dn%2525253A100%255Eo%25253Aid%25253Ds%2525253Ah13%25255Ehidden%25253Db%2525253A1%25255Ewidth%25253Dn%2525253A100%255Eo%25253Aid%25253Ds%2525253Ah14%25255Ehidden%25253Db%2525253A1%25255Ewidth%25253Dn%2525253A100%255Eo%25253Aid%25253Ds%2525253Ah15%25255Ehidden%25253Db%2525253A0%25255Ewidth%25253Dn%2525253A100%255Eo%25253Aid%25253Ds%2525253Ah16%25255Ehidden%25253Db%2525253A1%25255Ewidth%25253Dn%2525253A100%255Eo%25253Aid%25253Ds%2525253Ah17%25255Ehidden%25253Db%2525253A1%25255Ewidth%25253Dn%2525253A100%255Eo%25253Aid%25253Ds%2525253Ah18%25255Ehidden%25253Db%2525253A1%25255Ewidth%25253Dn%2525253A100%255Eo%25253Aid%25253Ds%2525253Ah19%25255Ehidden%25253Db%2525253A1%25255Ewidth%25253Dn%2525253A100%255Eo%25253Aid%25253Ds%2525253Ah20%25255Ehidden%25253Db%2525253A1%25255Ewidth%25253Dn%2525253A100%255Eo%25253Aid%25253Ds%2525253Ah21%25255Ehidden%25253Db%2525253A1%25255Ewidth%25253Dn%2525253A100%255Eo%25253Aid%25253Ds%2525253Ah22%25255Ehidden%25253Db%2525253A1%25255Ewidth%25253Dn%2525253A100%255Eo%25253Aid%25253Ds%2525253Ah23%25255Ehidden%25253Db%2525253A1%25255Ewidth%25253Dn%2525253A100%255Eo%25253Aid%25253Ds%2525253Ah24%25255Ehidden%25253Db%2525253A1%25255Ewidth%25253Dn%2525253A100%255Eo%25253Aid%25253Ds%2525253Ah25%25255Ehidden%25253Db%2525253A1%25255Ewidth%25253Dn%2525253A100%255Eo%25253Aid%25253Ds%2525253Ah26%25255Ehidden%25253Db%2525253A1%25255Ewidth%25253Dn%2525253A100%255Eo%25253Aid%25253Ds%2525253Ah27%25255Ehidden%25253Db%2525253A1%25255Ewidth%25253Dn%2525253A100%255Eo%25253Aid%25253Ds%2525253Ah28%25255Ehidden%25253Db%2525253A1%25255Ewidth%25253Dn%2525253A100%255Eo%25253Aid%25253Ds%2525253Ah29%25255Ehidden%25253Db%2525253A1%25255Ewidth%25253Dn%2525253A100%255Eo%25253Aid%25253Ds%2525253Ah30%25255Ehidden%25253Db%2525253A1%25255Ewidth%25253Dn%2525253A100%255Eo%25253Aid%25253Ds%2525253Ah31%25255Ehidden%25253Db%2525253A1%25255Ewidth%25253Dn%2525253A100%255Eo%25253Aid%25253Ds%2525253Ah32%25255Ehidden%25253Db%2525253A1%25255Ewidth%25253Dn%2525253A100%255Eo%25253Aid%25253Ds%2525253Ah33%25255Ehidden%25253Db%2525253A1%25255Ewidth%25253Dn%2525253A100%255Eo%25253Aid%25253Ds%2525253Ah34%25255Ehidden%25253Db%2525253A1%25255Ewidth%25253Dn%2525253A100%255Eo%25253Aid%25253Ds%2525253Ah35%25255Ehidden%25253Db%2525253A1%25255Ewidth%25253Dn%2525253A100%255Eo%25253Aid%25253Ds%2525253Ah36%25255Ehidden%25253Db%2525253A1%25255Ewidth%25253Dn%2525253A100%255Eo%25253Aid%25253Ds%2525253Ah37%25255Ehidden%25253Db%2525253A1%25255Ewidth%25253Dn%2525253A100%255Eo%25253Aid%25253Ds%2525253Ah38%25255Ehidden%25253Db%2525253A1%25255Ewidth%25253Dn%2525253A100%255Eo%25253Aid%25253Ds%2525253Ah39%25255Ehidden%25253Db%2525253A1%25255Ewidth%25253Dn%2525253A100%255Eo%25253Aid%25253Ds%2525253Ah40%25255Ehidden%25253Db%2525253A1%25255Ewidth%25253Dn%2525253A100%255Eo%25253Aid%25253Ds%2525253Ah41%25255Ehidden%25253Db%2525253A1%25255Ewidth%25253Dn%2525253A100%255Eo%25253Aid%25253Ds%2525253Ah42%25255Ehidden%25253Db%2525253A1%25255Ewidth%25253Dn%2525253A100%255Eo%25253Aid%25253Ds%2525253Ah43%25255Ehidden%25253Db%2525253A1%25255Ewidth%25253Dn%2525253A100%255Eo%25253Aid%25253Ds%2525253Ah44%25255Ehidden%25253Db%2525253A1%25255Ewidth%25253Dn%2525253A100%255Eo%25253Aid%25253Ds%2525253Ah45%25255Ehidden%25253Db%2525253A1%25255Ewidth%25253Dn%2525253A100%255Eo%25253Aid%25253Ds%2525253Ah46%25255Ehidden%25253Db%2525253A1%25255Ewidth%25253Dn%2525253A100%5EstoreState%3Do%253Asorters%253Da%25253Ao%2525253Aroot%2525253Ds%252525253Adata%2525255Eproperty%2525253Ds%252525253AresourceCollectionState_%252525253A%252525253A_undefined%2525255Edirection%2525253Ds%252525253AASC"
               },
               {
                  "key": "perm_toolbarVisible_widget_df7fba7b-7eb3-4491-8c3d-f616025d50af_2f17e879-2eae-4243-ad05-416a239499e2",
                  "value": "b%3A1"
               }
            ],
            "title": "Users",
            "type": "ResourceList",
            "x": 1,
            "y": 6
         },
         {
            "collapsed": false,
            "config": {
               "resource": null,
               "selfProvider": {"selfProvider": false},
               "title": "Historic User Session Details",
               "viewDefinitionId": "09233aa4-895d-490b-8753-996286ba4701"
            },
            "gridsterCoords": {
               "h": 6,
               "w": 3,
               "x": 4,
               "y": 12
            },
            "height": 324,
            "id": "6925a793-2c6d-4bfa-8fa1-309178da225c",
            "states": [{
               "key": "perm_toolbarVisible_widget_df7fba7b-7eb3-4491-8c3d-f616025d50af_6925a793-2c6d-4bfa-8fa1-309178da225c",
               "value": "b%3A0"
            }],
            "title": "Historic User Session Details",
            "type": "View"
         },
         {
            "collapsed": false,
            "config": {
               "refreshContent": {"refreshContent": true},
               "refreshInterval": 300,
               "resInteractionMode": "User_Historic_Metrics.xml",
               "resourceMetrics": [],
               "selfProvider": {"selfProvider": false},
               "title": "Historic User Session Metrics Chart"
            },
            "gridsterCoords": {
               "h": 11,
               "w": 3,
               "x": 4,
               "y": 1
            },
            "height": 609,
            "id": "dd3a2291-bbe9-4385-84d2-9b61cd3e3fd3",
            "states": [
               {
                  "key": "permBtn_zoomAllGraphs_permMetricChart_widget_df7fba7b-7eb3-4491-8c3d-f616025d50af_dd3a2291-bbe9-4385-84d2-9b61cd3e3fd3",
                  "value": "b%3A0"
               },
               {
                  "key": "permDateRange1_permMetricChart_widget_df7fba7b-7eb3-4491-8c3d-f616025d50af_dd3a2291-bbe9-4385-84d2-9b61cd3e3fd3",
                  "value": "s%3A%7B%22dateRange%22%3A%22last90Days%22%2C%22dateFrom%22%3Anull%2C%22dateTo%22%3Anull%2C%22timeFrom%22%3Anull%2C%22timeTo%22%3Anull%7D"
               },
               {
                  "key": "permMetricChart_widget_df7fba7b-7eb3-4491-8c3d-f616025d50af_dd3a2291-bbe9-4385-84d2-9b61cd3e3fd3",
                  "value": "o%3A"
               },
               {
                  "key": "permBtn_zoomTheView_permMetricChart_widget_df7fba7b-7eb3-4491-8c3d-f616025d50af_dd3a2291-bbe9-4385-84d2-9b61cd3e3fd3",
                  "value": "b%3A1"
               },
               {
                  "key": "permBtn_splitGraphs_permMetricChart_widget_df7fba7b-7eb3-4491-8c3d-f616025d50af_dd3a2291-bbe9-4385-84d2-9b61cd3e3fd3",
                  "value": "b%3A1"
               },
               {
                  "key": "permBtn_trendLine_permMetricChart_widget_df7fba7b-7eb3-4491-8c3d-f616025d50af_dd3a2291-bbe9-4385-84d2-9b61cd3e3fd3",
                  "value": "b%3A0"
               },
               {
                  "key": "perm_toolbarVisible_widget_df7fba7b-7eb3-4491-8c3d-f616025d50af_dd3a2291-bbe9-4385-84d2-9b61cd3e3fd3",
                  "value": "b%3A1"
               },
               {
                  "key": "permBtn_pan_permMetricChart_widget_df7fba7b-7eb3-4491-8c3d-f616025d50af_dd3a2291-bbe9-4385-84d2-9b61cd3e3fd3",
                  "value": "b%3A0"
               }
            ],
            "title": "Historic User Session Metrics Chart",
            "type": "MetricChart"
         },
         {
            "collapsed": false,
            "config": {
               "impactedBadge": "",
               "refreshContent": {"refreshContent": true},
               "refreshInterval": 90,
               "selfProvider": {"selfProvider": false},
               "title": "Top Alerts",
               "topIssuesDisplayLimit": 5,
               "triggeredObject": {"triggeredObject": "selfChildren"}
            },
            "gridsterCoords": {
               "h": 6,
               "w": 3,
               "x": 1,
               "y": 12
            },
            "height": 324,
            "id": "b4cd8d3b-104f-4601-be91-445e5780b63c",
            "title": "Top Alerts",
            "type": "ProblemAlertsList"
         },
         {
            "collapsed": false,
            "config": {
               "autoZoom": {"autoSize": false},
               "nodeSize": null,
               "refreshContent": {"refreshContent": true},
               "refreshInterval": 300,
               "resourceName": "",
               "selfProvider": {"selfProvider": false},
               "tagFilter": null,
               "title": "User Relationship"
            },
            "gridsterCoords": {
               "h": 6,
               "w": 3,
               "x": 1,
               "y": 6
            },
            "height": 324,
            "id": "e7a234ad-e262-498d-a8e8-b3745179ea92",
            "states": [
               {
                  "key": "permResourceRelationship_widget_df7fba7b-7eb3-4491-8c3d-f616025d50af_e7a234ad-e262-498d-a8e8-b3745179ea92",
                  "value": "o%3A"
               },
               {
                  "key": "perm_toolbarVisible_widget_df7fba7b-7eb3-4491-8c3d-f616025d50af_e7a234ad-e262-498d-a8e8-b3745179ea92",
                  "value": "b%3A0"
               }
            ],
            "title": "User Relationship",
            "type": "ResourceRelationship"
         }
      ]
   }],
   "entries": {"resourceKind": [{
      "adapterKindKey": "V4V",
      "internalId": "resourceKind:id:0_::_",
      "resourceKindKey": "User"
   }]},
   "uuid": "75f94006-73fe-417f-bd50-5549352c88bf"
}